"id","comment","photo_id","good","bad","user_id"
1,"quas ab illo quasi iure laborum eligendi",9,412,735,5
2,"est mollitia nam ab beatae",8,753,823,1
3,"fugit officiis sequi fugit",8,936,4,1
4,"quidem sunt alias nam dignissimos unde",5,919,909,6
5,"minus quidem accusantium voluptas repudiandae autem",4,638,711,3
6,"sed commodi corrupti voluptatem incidunt itaque",1,690,21,8
7,"expedita pariatur numquam alias dolorem atque",4,536,41,3
8,"ipsa suscipit fuga cumque",9,752,776,5
9,"voluptatum deleniti iste eius quae",7,769,677,7
10,"fuga ea sit nobis",6,814,213,9
11,"alias ducimus eaque dolorum quo fuga dolorum",9,563,422,5
12,"a in fugiat harum animi quisquam officia",1,370,788,8
13,"qui doloribus accusantium aliquam eveniet",1,395,914,8
14,"odio tempore placeat ducimus quam",4,429,197,3
15,"voluptatibus nobis fugit provident",9,657,35,5
16,"porro ullam culpa non veritatis placeat",9,82,866,5
17,"quam magnam rerum illo perferendis",4,391,348,3
18,"voluptatum voluptatem minima voluptatum exercitationem sit",5,886,408,6
19,"suscipit nam nobis nihil adipisci",8,948,476,1
20,"maiores consectetur ducimus",7,706,490,7
21,"illo iure placeat corrupti necessitatibus earum",2,452,791,5
22,"pariatur rem molestias voluptatum vitae dignissimos vitae",6,829,987,9
23,"alias vitae nobis omnis voluptatibus error nesciunt",7,949,971,7
24,"iusto ducimus blanditiis",9,865,584,5
25,"labore occaecati molestiae iure maxime",9,828,75,5
26,"blanditiis pariatur vitae veniam est ducimus expedita",4,388,872,3
27,"sapiente nostrum corporis maxime corrupti natus",8,674,979,1
28,"possimus ullam est mollitia impedit",7,13,100,7
29,"distinctio doloribus veniam cum tenetur eveniet ut",8,656,622,1
30,"perspiciatis nobis quia cupiditate modi aliquam",6,466,615,9
31,"incidunt esse architecto corporis expedita",8,386,338,1
32,"possimus amet eum commodi possimus temporibus",6,462,681,9
33,"odio adipisci doloribus",9,37,573,5
34,"id architecto temporibus consequatur nostrum",7,570,254,7
35,"soluta odit ea rem similique",1,926,933,8
36,"eum exercitationem aut",7,378,187,7
37,"quo ex incidunt labore",5,290,968,6
38,"id quibusdam ratione",1,730,187,8
39,"odit consequatur itaque enim corporis id",3,989,649,7
40,"quae architecto ipsam",7,921,598,7
41,"unde quidem eaque sequi quo",7,315,988,7
42,"tempore provident adipisci totam quas reiciendis eius",3,39,82,7
43,"amet doloremque ad doloremque",2,851,822,5
44,"animi quibusdam odit quibusdam voluptate",3,785,254,7
45,"dicta occaecati ex assumenda voluptate possimus minus",1,295,857,8
46,"nobis libero labore blanditiis qui",1,220,552,8
47,"reprehenderit minus cumque quas aliquid illo",9,158,21,5
48,"optio reiciendis cumque officia commodi",5,781,191,6
49,"libero cumque aliquid consectetur",5,680,359,6
50,"laudantium quis quidem tempore suscipit sequi eius",4,126,717,3
51,"odio aspernatur quibusdam",2,974,667,5
52,"tenetur repellat exercitationem",4,674,484,3
53,"nesciunt assumenda omnis eius",5,576,893,6
54,"necessitatibus temporibus aliquid voluptatum",2,571,864,5
55,"nam rerum quibusdam hic maiores",2,649,23,5
56,"accusamus unde harum dolorum eius fugiat",9,699,370,5
57,"quas illo incidunt maiores commodi fuga quae",3,688,981,7
58,"quisquam et commodi explicabo pariatur molestias numquam",6,714,640,9
59,"dolore sequi eligendi quaerat voluptatem architecto pariatur",5,215,481,6
60,"iste amet reprehenderit eligendi",7,515,810,7
61,"velit provident nisi delectus eveniet officiis",1,442,737,8
62,"dolore id esse deserunt ratione rem et",5,926,91,6
63,"enim dignissimos repudiandae vel",1,952,465,8
64,"quia quaerat debitis quis veritatis",6,294,507,9
65,"iste laboriosam temporibus id culpa",7,657,926,7
66,"fugit nulla molestias id voluptates",7,634,487,7
67,"autem minus sit voluptas quas",9,688,460,5
68,"fugit voluptatem eius",1,284,556,8
69,"id magnam vel tempora",2,491,671,5
70,"corrupti asperiores nisi vero quod sit",1,911,784,8
71,"ipsam quos facilis delectus consequatur expedita",3,827,839,7
72,"nulla quia inventore placeat vero at deserunt",4,228,291,3
73,"accusantium consequuntur tenetur delectus",8,745,428,1
74,"modi perspiciatis molestias eius dolor",8,702,491,1
75,"eligendi itaque praesentium",8,758,437,1
76,"sed commodi officiis aliquid dolore non officia",1,579,70,8
77,"dolorem nihil fuga quas sapiente natus",3,482,585,7
78,"maiores saepe non saepe libero",3,707,232,7
79,"odit molestiae minus",4,752,700,3
80,"ad rerum deleniti aliquid ipsam nobis inventore",1,179,764,8
81,"cumque ipsam beatae vel",5,835,945,6
82,"asperiores ducimus quidem reprehenderit",2,907,84,5
83,"nam sint quo",2,175,43,5
84,"voluptates laudantium nisi eum",4,199,788,3
85,"debitis iusto possimus sapiente nisi in eos",4,439,311,3
86,"repellendus nulla excepturi architecto eos commodi distinctio",1,530,95,8
87,"eum tenetur soluta voluptates facere",9,870,817,5
88,"sapiente architecto ut autem necessitatibus incidunt quos",1,437,517,8
89,"temporibus eius hic tempore iusto adipisci eveniet",5,853,588,6
90,"accusantium maxime iste aliquam ad repellendus incidunt",4,152,796,3
91,"ad illum iusto deleniti blanditiis",5,450,173,6
92,"quae quaerat accusantium culpa",3,202,713,7
93,"explicabo quae voluptate natus eius tenetur",6,834,940,9
94,"inventore at repellat sapiente dolore dignissimos",9,705,116,5
95,"sint laudantium ab eligendi dignissimos iure iure",2,563,262,5
96,"architecto voluptatibus omnis",2,574,216,5
97,"corporis earum quisquam reiciendis magnam",9,251,63,5
98,"ab pariatur itaque",4,857,845,3
99,"officiis occaecati unde architecto dolorem expedita repellat",9,660,961,5
100,"aperiam voluptatem facere veniam",4,826,483,3
101,"inventore quisquam minus maiores corporis autem molestiae",6,515,674,9
102,"itaque blanditiis nihil nobis",3,533,2,7
103,"repellendus culpa at accusantium",1,535,514,8
104,"laboriosam culpa voluptas aliquam sit eaque",4,876,353,3
105,"quasi natus quam laborum culpa enim",6,660,352,9
106,"eum error atque aut",5,694,165,6
107,"commodi nemo est corporis laudantium accusantium",6,284,751,9
108,"eligendi consequuntur blanditiis nam aut",8,990,407,1
109,"quasi debitis excepturi",2,856,375,5
110,"illo repellendus optio quibusdam molestiae laboriosam eos",2,500,134,5
111,"quas dolore quas hic quod in sapiente",2,356,199,5
112,"quidem itaque repellat tenetur dolore occaecati nobis",9,521,804,5
113,"adipisci commodi id blanditiis atque",6,281,55,9
114,"adipisci eos voluptates labore laborum blanditiis",4,230,407,3
115,"nam officia dolorum eligendi",1,44,10,8
116,"reiciendis eos velit",5,402,333,6
117,"necessitatibus eligendi perferendis cum voluptas ducimus sunt",7,462,499,7
118,"vel nostrum alias debitis sequi velit",4,645,942,3
119,"quisquam veniam quasi facere tempore",5,779,385,6
120,"in ipsa deserunt incidunt iusto fuga minus",8,320,737,1
121,"dolorum est maxime officiis",1,534,839,8
122,"minus aut excepturi minus",7,586,652,7
123,"reprehenderit temporibus similique corporis repellendus tempora",8,288,534,1
124,"dolores temporibus quas laborum possimus debitis aperiam",7,697,185,7
125,"voluptate cupiditate suscipit dicta eius odio",9,97,32,5
126,"officiis rerum vel nam",9,609,447,5
127,"praesentium inventore veritatis porro aliquam ipsam",2,934,980,5
128,"quaerat itaque quidem",2,422,301,5
129,"tempora reiciendis accusantium officia laudantium repudiandae",8,745,426,1
130,"excepturi illum voluptatem dolore praesentium",4,161,176,3
131,"tempore id fuga tempore",5,103,298,6
132,"veritatis esse possimus minus in fuga deleniti",8,528,796,1
133,"quas earum non veritatis quisquam quasi",1,430,868,8
134,"eos quas facere rem",3,164,731,7
135,"iste nobis sed sequi sapiente repellendus optio",7,170,436,7
136,"ab alias nostrum",3,19,176,7
137,"assumenda eos cum sapiente",6,567,398,9
138,"earum nesciunt porro",2,986,422,5
139,"ullam delectus sapiente iste",5,745,873,6
140,"a veniam aliquid porro facilis consequatur",3,176,925,7
141,"similique soluta modi excepturi corporis aliquam",7,496,577,7
142,"asperiores officiis repudiandae",5,548,708,6
143,"culpa ea cum",5,825,710,6
144,"quaerat aut voluptatem natus asperiores laborum",5,144,978,6
145,"amet quaerat dolores vero iusto exercitationem",8,974,983,1
146,"neque dolorem autem",3,915,379,7
147,"eos dolores culpa repellendus amet esse",8,150,488,1
148,"quos sapiente perferendis",8,386,486,1
149,"earum deserunt corrupti",8,389,32,1
150,"aperiam doloremque deserunt corporis deleniti",6,640,681,9
151,"doloribus ipsam corporis incidunt",3,679,410,7
152,"placeat saepe atque saepe sint laudantium adipisci",9,449,346,5
153,"beatae explicabo voluptates nisi ipsa fugit nobis",5,211,120,6
154,"exercitationem repellendus porro dicta",9,877,396,5
155,"provident earum ea",4,668,314,3
156,"totam non amet",2,136,750,5
157,"pariatur iusto aperiam sunt expedita repellat magnam",4,388,780,3
158,"totam voluptatibus laborum harum quaerat fugiat suscipit",2,632,279,5
159,"eaque deleniti amet",6,597,216,9
160,"quasi repudiandae quo delectus aspernatur doloribus occaecati",4,819,260,3
161,"libero debitis temporibus esse cumque dolorum",9,927,126,5
162,"quod minus repellat",5,453,754,6
163,"qui fugit impedit iure officiis",8,812,240,1
164,"dolore impedit et asperiores ex",1,47,475,8
165,"repellat consequatur debitis",4,243,628,3
166,"molestias amet amet corporis minus iste eos",4,819,88,3
167,"atque amet hic odit reiciendis",6,454,618,9
168,"soluta amet ad ratione aliquam",6,310,798,9
169,"quo delectus dolorem illo accusantium rem",6,654,249,9
170,"tempora praesentium quasi molestiae esse",2,101,397,5
171,"possimus voluptate ut aliquid",5,662,226,6
172,"dolor velit nostrum culpa laborum",5,559,607,6
173,"officia cum ipsum dolores debitis repellat a",2,192,127,5
174,"consectetur atque deleniti commodi veniam consectetur",7,812,772,7
175,"ducimus sunt dolorem",4,272,236,3
176,"illum id suscipit fuga voluptas",7,413,352,7
177,"iusto repudiandae voluptatibus sapiente optio",1,472,854,8
178,"ex molestiae magnam et vero possimus eaque",4,939,508,3
179,"praesentium commodi eum",9,833,877,5
180,"ut earum rerum",2,672,263,5
181,"optio odit totam nulla cupiditate",3,31,788,7
182,"rem reiciendis officia fugit ullam",4,698,851,3
183,"repudiandae magnam magni nostrum consequatur distinctio deleniti",1,904,814,8
184,"a quibusdam consequuntur",2,308,329,5
185,"rem voluptate a dolorum",3,594,507,7
186,"mollitia aspernatur ea",7,990,540,7
187,"labore quis quisquam eaque soluta",6,941,681,9
188,"repellat consequatur itaque rerum at",2,954,344,5
189,"ipsa ad incidunt expedita voluptatem incidunt",8,755,290,1
190,"excepturi similique voluptate",8,464,451,1
191,"hic quam deleniti illum blanditiis",3,434,137,7
192,"reprehenderit delectus placeat quas",5,376,305,6
193,"modi excepturi blanditiis architecto voluptatum",2,519,892,5
194,"placeat sapiente neque laudantium deleniti",6,608,345,9
195,"ipsam sequi quisquam earum hic facere necessitatibus",4,88,530,3
196,"labore repudiandae ipsum",5,135,324,6
197,"officiis voluptatem officia minus magni pariatur",2,824,435,5
198,"inventore iure ipsum ipsam",9,432,682,5
199,"asperiores deserunt veritatis culpa",4,722,878,3
200,"nihil reiciendis natus ut explicabo ad",8,309,649,1
201,"in voluptatem quis odit illum optio quos",5,213,354,6
202,"quae facilis ab fugiat rerum quas totam",4,0,605,3
203,"a sequi hic vero culpa aspernatur",2,7,180,5
204,"possimus fuga sit delectus harum",2,994,137,5
205,"reprehenderit optio deleniti ipsum tempore perferendis",3,569,335,7
206,"dolorem architecto minus natus eos sunt",2,962,179,5
207,"reprehenderit voluptates corrupti quo voluptas distinctio nobis",2,449,68,5
208,"ex asperiores occaecati modi",2,612,751,5
209,"non commodi atque quam",8,984,608,1
210,"voluptatibus corporis natus odit necessitatibus placeat consequatur",5,424,871,6
211,"tenetur alias alias maiores esse dolorem mollitia",4,174,680,3
212,"cum animi libero occaecati",7,700,409,7
213,"dolore iste aperiam",9,659,388,5
214,"veniam assumenda eum",5,128,82,6
215,"eligendi sed culpa",2,725,406,5
216,"consequatur incidunt quaerat doloremque cum culpa",2,616,982,5
217,"eum iusto aperiam inventore nemo maiores",2,229,801,5
218,"est rem ratione quas nulla alias",3,885,754,7
219,"autem odit nemo totam",6,611,762,9
220,"commodi commodi impedit quas hic esse",4,774,987,3
221,"quis officiis neque",6,613,741,9
222,"consequuntur voluptas placeat possimus dolorum autem atque",7,168,503,7
223,"aliquid dolor cupiditate dolorem in",2,825,141,5
224,"libero voluptatem ad illum modi unde dolores",3,86,181,7
225,"id itaque quos eligendi",5,420,93,6
226,"adipisci corporis nostrum error doloribus consequuntur sit",6,906,438,9
227,"ipsum suscipit doloremque adipisci",8,317,696,1
228,"pariatur eligendi necessitatibus illum",7,601,834,7
229,"odio eius officiis nihil aliquid",6,860,175,9
230,"tempora dolorem enim harum occaecati magni",2,648,679,5
231,"asperiores nulla dolorem repudiandae ad",7,406,618,7
232,"officiis reprehenderit dolores doloribus repellendus temporibus quasi",6,629,48,9
233,"tenetur culpa natus tempore iste iusto",8,506,907,1
234,"veritatis ut doloribus vero quos dolore in",4,661,837,3
235,"aliquam distinctio qui blanditiis accusantium nobis",8,145,596,1
236,"ullam ab quam fugit tenetur eos aliquid",2,632,322,5
237,"molestiae odit facilis maiores eveniet",9,792,417,5
238,"veritatis voluptatum deserunt neque possimus sit",5,831,568,6
239,"provident rem doloribus soluta laudantium",7,952,501,7
240,"ducimus similique aliquid",9,410,904,5
241,"aut aliquam culpa ut impedit reprehenderit",2,704,668,5
242,"ipsam ducimus inventore sequi officia esse eius",5,781,231,6
243,"incidunt eaque iste reprehenderit labore accusantium totam",9,500,210,5
244,"magni cum iusto ex neque illum perspiciatis",6,116,117,9
245,"ipsum neque rerum accusantium similique adipisci provident",1,479,603,8
246,"eveniet suscipit voluptatem corrupti perspiciatis",5,50,235,6
247,"ex ut fuga hic molestiae enim commodi",3,148,212,7
248,"pariatur rem laudantium itaque molestiae iusto",7,190,266,7
249,"vitae est fuga maiores quos magnam",1,241,710,8
250,"quae aspernatur optio saepe magni",5,955,445,6
251,"fugiat eum ullam eligendi velit",8,839,706,1
252,"deserunt explicabo explicabo unde debitis illum",4,891,488,3
253,"officia blanditiis tempore totam doloremque excepturi",8,284,326,1
254,"id accusantium saepe provident eum saepe",8,328,546,1
255,"optio veritatis doloribus culpa doloribus explicabo",9,106,284,5
256,"nihil earum dolore fugiat explicabo",8,629,848,1
257,"quos odio fugit at ut",4,338,312,3
258,"corporis ullam amet laborum quam",2,721,420,5
259,"magni praesentium debitis",7,182,566,7
260,"repellendus corporis nulla similique",3,500,7,7
261,"inventore in delectus impedit natus",9,490,345,5
262,"nisi tenetur illo",4,440,825,3
263,"nihil iusto necessitatibus vel autem",7,974,304,7
264,"totam vero porro facilis",3,160,197,7
265,"sit eos odit molestiae iure quasi",9,805,652,5
266,"assumenda libero deleniti nulla similique nisi",8,868,210,1
267,"repellat neque fugiat ipsum qui ipsum",3,741,965,7
268,"officia illo voluptates distinctio odit quibusdam perferendis",3,220,407,7
269,"aliquid nostrum optio sint nulla cupiditate eos",7,223,74,7
270,"id repudiandae quaerat commodi tempora sit",9,294,661,5
271,"totam harum fuga corrupti",9,610,213,5
272,"quidem libero vitae",8,404,389,1
273,"assumenda quis accusantium asperiores aperiam nulla eos",5,289,746,6
274,"nihil suscipit accusamus eius quasi",8,788,386,1
275,"illo animi aliquid exercitationem nisi beatae id",5,99,816,6
276,"quam neque error beatae",8,535,34,1
277,"fugit dolore aliquam itaque repellendus",5,55,492,6
278,"dolorem deserunt nesciunt excepturi alias",7,903,369,7
279,"sequi illo animi odit",3,196,440,7
280,"cum eaque laborum totam",1,778,651,8
281,"quis est quas laboriosam molestiae",6,46,711,9
282,"modi repellendus quasi",1,694,272,8
283,"natus similique quo",6,788,732,9
284,"laboriosam similique autem inventore",6,253,570,9
285,"ea odit nemo voluptates ea",8,823,970,1
286,"sapiente sint veritatis",3,612,912,7
287,"possimus iusto vero",6,410,197,9
288,"voluptatibus beatae tenetur dolores alias",3,59,34,7
289,"harum cum ipsa odit",5,652,523,6
290,"quas veritatis in placeat quisquam",9,38,308,5
291,"ipsam facilis corrupti",2,96,374,5
292,"sit magni libero voluptates",5,937,336,6
293,"aspernatur quis saepe consectetur ullam est magni",2,983,576,5
294,"cum iure amet",3,169,889,7
295,"sunt quo autem illum",8,462,655,1
296,"est occaecati exercitationem soluta aliquid veritatis",5,577,864,6
297,"necessitatibus ipsam nam",5,122,761,6
298,"fuga occaecati ut voluptate aut nesciunt",4,557,661,3
299,"exercitationem maiores temporibus nisi",5,435,369,6
300,"laborum culpa officiis reprehenderit",5,467,179,6
301,"nisi sint illo voluptatem",6,141,725,9
302,"perspiciatis voluptatum quos placeat architecto nostrum",9,219,411,5
303,"dolorem sapiente inventore quibusdam sint tempora vel",2,441,283,5
304,"nobis a quia excepturi",3,850,161,7
305,"aliquid excepturi et incidunt",2,130,809,5
306,"earum voluptatibus id ipsum",8,477,528,1
307,"assumenda nulla ducimus repellendus",2,346,949,5
308,"exercitationem quasi sunt ullam quibusdam perferendis maxime",2,63,500,5
309,"non eveniet neque",3,84,49,7
310,"nemo id nostrum iusto facilis deleniti vitae",8,185,164,1
311,"quasi dolorum magnam odit quas",8,268,886,1
312,"suscipit officiis quaerat ratione odio corporis dicta",4,371,612,3
313,"animi aperiam magnam atque reprehenderit voluptatem",9,610,211,5
314,"quasi quidem modi mollitia debitis quia",8,551,163,1
315,"quia consequatur explicabo pariatur esse",7,775,184,7
316,"quo odit odit at",7,214,406,7
317,"culpa iusto sapiente ducimus itaque consequuntur natus",8,25,975,1
318,"maxime nostrum architecto error totam hic aliquid",2,879,126,5
319,"eveniet officia ipsa commodi consequatur dolor",9,251,43,5
320,"voluptate id beatae",3,540,197,7
321,"sit architecto exercitationem quisquam modi recusandae",3,928,983,7
322,"natus maxime accusantium",5,850,484,6
323,"modi error quo harum iusto quia",2,622,971,5
324,"est est nihil assumenda atque sapiente",3,0,235,7
325,"ullam aperiam nam doloremque dicta consequuntur occaecati",2,208,962,5
326,"excepturi aut illum error natus",8,351,502,1
327,"quam culpa illum praesentium exercitationem sapiente",5,479,544,6
328,"eligendi beatae aspernatur nobis magnam aspernatur incidunt",9,62,683,5
329,"tempora unde molestias eaque recusandae repudiandae facere",7,474,935,7
330,"dolorum natus a odit",1,540,845,8
331,"enim rem blanditiis atque magnam quibusdam cumque",4,551,912,3
332,"at voluptates at accusantium natus magni",1,270,321,8
333,"cumque explicabo ratione",4,584,281,3
334,"beatae tempore impedit numquam quaerat quo illo",9,554,148,5
335,"voluptas possimus quidem voluptatum",1,174,186,8
336,"dolores mollitia explicabo",3,461,563,7
337,"maxime dolores fugit omnis praesentium atque voluptatum",4,467,124,3
338,"voluptatibus impedit fugit doloribus",4,219,322,3
339,"quo mollitia doloribus porro sed deleniti",8,928,625,1
340,"ipsum doloribus laudantium",7,517,925,7
341,"velit aperiam eum",5,211,889,6
342,"id rem reiciendis",4,691,391,3
343,"ex blanditiis molestias recusandae voluptate",1,849,486,8
344,"similique voluptatem ipsum ipsum vel",4,326,900,3
345,"dolores deleniti maxime dicta cupiditate repellat quam",8,364,196,1
346,"nostrum placeat ea maiores ullam dolore",5,781,76,6
347,"praesentium similique culpa",3,255,929,7
348,"earum praesentium nam culpa",1,808,406,8
349,"harum eaque provident animi maiores odio",5,304,353,6
350,"provident similique asperiores expedita exercitationem maiores provident",2,567,609,5
351,"ea accusantium esse fugiat",8,144,957,1
352,"ex at suscipit laborum deleniti",6,139,431,9
353,"fuga voluptates delectus ipsum voluptates",3,387,912,7
354,"impedit soluta expedita assumenda provident a est",4,558,329,3
355,"aperiam eos assumenda",6,210,694,9
356,"possimus reiciendis mollitia officiis",5,972,870,6
357,"recusandae aut soluta magnam",6,399,744,9
358,"voluptates similique ipsam sequi est ad",9,853,208,5
359,"distinctio et voluptate",7,650,52,7
360,"dolores atque ab repellat",8,397,331,1
361,"aperiam amet natus eaque accusantium quae at",4,757,877,3
362,"placeat quidem doloremque",6,303,579,9
363,"iste necessitatibus nulla eveniet",7,360,506,7
364,"exercitationem consectetur doloribus aperiam molestias",1,757,750,8
365,"repellendus illo quae excepturi",7,213,923,7
366,"sequi ducimus autem dolor voluptate modi",6,720,147,9
367,"rerum illum culpa in",8,518,568,1
368,"aliquam alias doloremque id nobis animi",4,451,589,3
369,"magni minus itaque corporis nemo voluptatum fuga",5,357,923,6
370,"minima nihil omnis",9,678,224,5
371,"culpa animi porro repellendus",7,845,425,7
372,"cumque aperiam architecto officiis dolore culpa explicabo",4,142,154,3
373,"consequuntur quam cupiditate consequatur minima error",1,507,615,8
374,"ullam hic quibusdam laudantium sit cum",7,72,286,7
375,"rerum quas enim",2,184,35,5
376,"alias fugit similique praesentium asperiores sapiente",6,581,533,9
377,"rem alias expedita dignissimos",2,427,238,5
378,"ab quisquam quo ipsam temporibus voluptas",6,321,375,9
379,"perferendis delectus molestiae temporibus occaecati",8,270,982,1
380,"eligendi magnam qui maiores quasi doloremque tempora",8,628,437,1
381,"facilis optio occaecati dolorem",6,804,973,9
382,"odit architecto delectus quo nesciunt",2,596,525,5
383,"temporibus totam sunt officia magnam",6,160,11,9
384,"provident quis perspiciatis laborum officiis deleniti",1,134,380,8
385,"officia iusto vero voluptate aspernatur ex",9,6,246,5
386,"iusto porro numquam provident",1,603,909,8
387,"consequatur exercitationem illo odio laudantium",4,164,868,3
388,"eveniet eos autem eligendi",8,677,909,1
389,"omnis repellat doloremque",3,401,431,7
390,"nam quam fuga",3,931,110,7
391,"blanditiis fuga libero aspernatur provident quasi suscipit",2,891,465,5
392,"repellendus eligendi eius voluptatem",8,311,384,1
393,"libero fugit sapiente autem",3,99,183,7
394,"vitae repellendus dignissimos voluptatum tempora ducimus",1,156,503,8
395,"ullam excepturi ipsum ullam recusandae",6,581,518,9
396,"excepturi aut laboriosam optio",2,542,304,5
397,"rem at quam mollitia laudantium",8,183,695,1
398,"praesentium dicta blanditiis ea veniam amet",5,685,785,6
399,"unde atque soluta",2,356,889,5
400,"architecto perferendis architecto consequuntur molestias pariatur repellendus",2,464,32,5
401,"excepturi eos officia debitis",4,142,944,3
402,"omnis fuga ab voluptas",1,421,989,8
403,"atque omnis doloremque repellendus odio totam animi",4,653,936,3
404,"eligendi alias eaque itaque labore",6,164,296,9
405,"quis voluptatem dolore nemo laboriosam voluptatem nesciunt",8,33,419,1
406,"modi itaque quaerat perspiciatis",4,271,411,3
407,"ipsam sit harum magni eligendi libero",9,345,189,5
408,"quod libero autem nesciunt nam",6,927,368,9
409,"officia ratione explicabo aspernatur et perferendis",6,62,861,9
410,"perferendis quae itaque",9,728,900,5
411,"fugiat explicabo nisi",7,272,621,7
412,"et expedita laborum facere ducimus ipsam",5,346,595,6
413,"sequi facilis consectetur",8,327,242,1
414,"voluptatum consequatur voluptatum qui in tempora",2,635,247,5
415,"magnam veritatis repellat quasi",2,786,60,5
416,"illum reprehenderit vel repellat nam",8,546,474,1
417,"quos delectus odit",7,821,883,7
418,"voluptatibus at adipisci nesciunt quasi",7,4,452,7
419,"odit repudiandae eum exercitationem temporibus",1,157,291,8
420,"eum dolor fuga distinctio alias",6,538,257,9
421,"sit aperiam tempore optio soluta esse",4,154,652,3
422,"enim voluptas qui quibusdam incidunt rerum",4,578,249,3
423,"aut excepturi atque voluptatum provident",1,330,753,8
424,"nihil laboriosam recusandae libero in recusandae",8,584,530,1
425,"voluptate voluptas eos molestias",4,546,966,3
426,"suscipit ducimus earum",2,890,883,5
427,"commodi officia illo",5,767,512,6
428,"eligendi eligendi harum iste quas eligendi iste",1,48,959,8
429,"voluptatum exercitationem ipsum deserunt perspiciatis quo libero",3,110,663,7
430,"doloribus quia accusantium exercitationem officiis consectetur tempora",4,424,899,3
431,"molestiae dicta dolorum quisquam perspiciatis",7,104,935,7
432,"nemo culpa fugiat",3,168,590,7
433,"in nostrum numquam molestias",9,312,967,5
434,"mollitia placeat ipsa dolores atque nemo consequatur",9,567,89,5
435,"fugiat consectetur dicta porro eum",1,122,495,8
436,"exercitationem nisi libero illum",9,887,341,5
437,"fugit ducimus nam labore quas molestiae",1,18,661,8
438,"sunt facilis eum",2,207,918,5
439,"esse error a illum ab deleniti quas",1,835,134,8
440,"impedit iusto mollitia",3,206,690,7
441,"ullam atque repudiandae placeat magnam culpa alias",9,923,543,5
442,"incidunt nostrum consectetur ipsum",2,111,678,5
443,"repudiandae repellat libero a voluptatibus atque",5,837,910,6
444,"fugit iste tempore",7,901,562,7
445,"qui minus officia quidem nostrum",7,235,542,7
446,"delectus incidunt voluptates tempore ut odio",7,639,795,7
447,"tenetur corrupti quos",1,865,280,8
448,"officiis laboriosam vitae deserunt porro itaque et",1,326,394,8
449,"eum rerum dolorem eveniet ipsum",1,95,208,8
450,"accusantium eos magnam sunt",9,630,63,5
451,"quae quos omnis temporibus quasi",9,445,568,5
452,"placeat molestiae ipsum quisquam deleniti iusto optio",9,840,414,5
453,"molestiae laborum quod",7,455,206,7
454,"numquam laborum quod quae minus",5,803,194,6
455,"animi iste dolor pariatur laboriosam omnis molestiae",7,488,684,7
456,"iusto quis maiores natus",3,452,281,7
457,"reprehenderit rerum esse",8,414,70,1
458,"nihil similique doloribus ratione",8,495,863,1
459,"veniam asperiores facilis",6,459,561,9
460,"eveniet nemo eveniet soluta voluptatum deserunt vitae",7,441,257,7
461,"laboriosam distinctio labore blanditiis assumenda amet quam",4,827,31,3
462,"dolor cupiditate deleniti ipsam porro quo",1,89,208,8
463,"error repellat voluptas",8,84,880,1
464,"recusandae suscipit quia animi",7,144,256,7
465,"earum corporis delectus",9,207,889,5
466,"exercitationem voluptatibus voluptates",1,874,297,8
467,"itaque nobis quam mollitia corrupti accusamus amet",5,687,673,6
468,"voluptatibus repudiandae modi esse suscipit",9,28,738,5
469,"ab fugit perferendis nobis accusantium occaecati animi",2,969,555,5
470,"ex quos laborum accusantium fugit",2,362,755,5
471,"eveniet quidem itaque voluptates consectetur libero",1,963,478,8
472,"doloremque asperiores quidem modi",4,772,86,3
473,"soluta nesciunt aspernatur nesciunt quas architecto",1,596,466,8
474,"occaecati dolorum possimus iste illo optio",5,123,601,6
475,"reiciendis asperiores natus praesentium",1,310,399,8
476,"hic unde nihil fugit ullam",9,906,161,5
477,"dolores optio tenetur velit cumque",9,285,840,5
478,"dicta odio reprehenderit",6,125,308,9
479,"eius adipisci distinctio officia",9,734,780,5
480,"iure officiis exercitationem magni error et",7,396,141,7
481,"modi aliquam tempore",7,317,523,7
482,"consequatur neque atque quis blanditiis nobis",2,845,304,5
483,"earum laboriosam impedit molestiae",1,684,170,8
484,"culpa neque eos modi id",9,947,435,5
485,"sequi aliquid numquam ipsa nesciunt labore nisi",9,224,861,5
486,"veniam iusto praesentium tempora in dolor expedita",5,523,486,6
487,"laboriosam minima similique quisquam asperiores laboriosam",3,43,323,7
488,"nihil nihil id eveniet",2,41,32,5
489,"aperiam repellendus id inventore sint sit assumenda",9,315,392,5
490,"nemo maiores voluptate",3,637,161,7
491,"quaerat quidem blanditiis quod distinctio",8,842,190,1
492,"sit delectus illo corporis",3,543,160,7
493,"id debitis quaerat nulla minus repellat",9,533,227,5
494,"dolorum dignissimos error",6,687,154,9
495,"officiis praesentium autem rerum ducimus autem",4,817,373,3
496,"tempora maiores neque reprehenderit excepturi soluta",4,347,944,3
497,"consequatur quisquam sapiente quaerat possimus ab",5,757,899,6
498,"sit cumque provident voluptatum facilis",7,719,655,7
499,"expedita in temporibus explicabo reiciendis",7,994,365,7
500,"rerum nulla repellendus",8,252,50,1
501,"illum doloribus deleniti velit dicta",7,259,100,7
502,"ipsum illum in facere dolorum voluptatum fuga",4,638,937,3
503,"itaque laudantium repellendus qui culpa architecto delectus",5,614,162,6
504,"nam mollitia perspiciatis commodi quis voluptates",5,508,49,6
505,"qui cupiditate natus sed",8,444,654,1
506,"molestiae laborum molestias",1,326,80,8
507,"neque perferendis ducimus nostrum cupiditate",1,873,241,8
508,"rem enim velit",5,173,603,6
509,"voluptates dolorum reprehenderit consectetur fugit repellendus",2,359,587,5
510,"consequuntur voluptas distinctio",5,484,258,6
511,"totam saepe voluptates quos",8,451,662,1
512,"quos expedita non",9,656,232,5
513,"ex nostrum ipsum ea",2,465,155,5
514,"recusandae at laboriosam sunt nobis facilis autem",1,520,972,8
515,"ex deserunt dolores neque occaecati dolorum voluptatem",1,524,628,8
516,"dicta beatae harum accusantium",5,965,628,6
517,"error incidunt cumque sint aliquam commodi ratione",1,514,450,8
518,"earum animi saepe est eius doloribus illum",2,486,720,5
519,"doloribus voluptatum velit nam consequatur",8,136,407,1
520,"excepturi officia quae ex temporibus quas",2,692,964,5
521,"quae totam adipisci impedit voluptas",6,91,548,9
522,"quisquam incidunt earum omnis",8,907,368,1
523,"officia recusandae excepturi quibusdam",8,111,822,1
524,"consectetur corrupti consectetur ea",7,337,283,7
525,"ab nam quod voluptatum",2,605,961,5
526,"quisquam neque quos cum",1,411,435,8
527,"aliquam quaerat ut ad qui natus numquam",4,160,205,3
528,"cupiditate dolore consequuntur voluptates nulla eaque sint",9,150,616,5
529,"qui voluptatem rerum in",1,70,94,8
530,"ex ullam hic nemo maxime sunt",2,495,667,5
531,"tenetur pariatur esse eius dolore libero",2,448,146,5
532,"veniam eius ducimus laudantium",5,568,928,6
533,"vero alias voluptates mollitia impedit ipsam",2,838,32,5
534,"dolore aspernatur recusandae cupiditate ipsa animi",1,207,264,8
535,"cumque occaecati enim nulla",7,701,355,7
536,"incidunt iste et",9,976,47,5
537,"voluptate neque debitis laborum cupiditate molestias consequatur",2,8,702,5
538,"omnis laborum molestiae quo inventore",1,469,234,8
539,"cupiditate at dolore quod repellat voluptatibus",2,549,58,5
540,"nulla debitis excepturi eos recusandae",4,227,104,3
541,"est consequuntur officiis animi atque asperiores veritatis",3,166,160,7
542,"maiores error modi",5,169,484,6
543,"dignissimos reprehenderit recusandae aut tenetur",9,870,341,5
544,"ipsum ipsam fugiat architecto",2,807,574,5
545,"vitae veritatis sunt",4,406,588,3
546,"quas ullam dolores repellat tempore molestiae",6,25,618,9
547,"ratione eaque reiciendis",9,170,690,5
548,"consectetur laboriosam possimus natus deserunt voluptate commodi",3,18,802,7
549,"veniam modi id",6,408,410,9
550,"ex natus esse ullam reiciendis",9,449,469,5
551,"quisquam illum eum occaecati",9,383,50,5
552,"doloribus beatae dolorem eius earum ipsum laborum",6,76,940,9
553,"ab officia ex placeat sapiente reprehenderit",9,719,63,5
554,"ullam placeat tenetur praesentium consequuntur",2,408,728,5
555,"praesentium placeat nesciunt incidunt distinctio",8,98,220,1
556,"hic labore ea praesentium quae tempore sequi",5,455,685,6
557,"dolores asperiores ipsum",6,380,215,9
558,"velit expedita unde ducimus quae",2,509,800,5
559,"quod quae minima minima placeat exercitationem",9,470,460,5
560,"asperiores vitae omnis ab",2,902,631,5
561,"nemo consequuntur dolores at quidem",3,481,146,7
562,"quae illo placeat ipsum aliquid",8,899,688,1
563,"sed neque consequatur recusandae",2,161,666,5
564,"dolorem ea facere eveniet dignissimos",7,114,597,7
565,"debitis eligendi eos",1,261,491,8
566,"perferendis doloribus a possimus dolores vitae",4,607,697,3
567,"distinctio quo soluta quos",8,149,415,1
568,"consequatur incidunt molestiae expedita cumque esse",7,2,303,7
569,"provident dolor architecto alias maiores nihil",6,746,249,9
570,"corporis vel hic non veritatis nam",3,242,894,7
571,"est labore incidunt suscipit",9,559,791,5
572,"autem vitae nemo placeat aliquam praesentium",1,493,726,8
573,"dolorem asperiores excepturi similique commodi laudantium enim",2,897,867,5
574,"debitis dicta ipsa voluptatem",8,886,657,1
575,"odio exercitationem inventore asperiores excepturi",9,34,301,5
576,"iure deserunt natus quod",1,95,248,8
577,"delectus ad quo vel quis temporibus deserunt",7,774,937,7
578,"nesciunt enim tempora voluptates",4,415,821,3
579,"quidem veniam non nam tempore",4,594,422,3
580,"consequatur at nesciunt architecto odio atque quibusdam",7,658,554,7
581,"doloremque sit ipsam sit aspernatur excepturi consectetur",1,619,355,8
582,"assumenda deserunt temporibus",3,852,175,7
583,"possimus eos sunt at voluptate",2,326,115,5
584,"accusamus dolorem sint totam occaecati",4,834,202,3
585,"quas labore quisquam magni",7,511,173,7
586,"soluta et veritatis rem velit ad",5,690,535,6
587,"repudiandae alias provident",1,719,936,8
588,"est quisquam cupiditate odio",1,776,228,8
589,"maiores soluta dolor ratione",2,862,489,5
590,"deserunt corporis molestiae",3,134,688,7
591,"nobis id culpa necessitatibus iusto quasi",5,495,23,6
592,"tempore maxime facilis nam accusamus",7,346,125,7
593,"esse fugit laudantium sunt minima temporibus reprehenderit",7,101,719,7
594,"ipsum culpa similique repellat accusamus",5,669,385,6
595,"officiis dolore atque",7,634,187,7
596,"expedita recusandae odit",1,219,540,8
597,"reiciendis eum debitis illum ea",1,965,580,8
598,"officia corporis nostrum magnam sed vero",7,930,344,7
599,"ullam voluptatum dolor",4,300,69,3
600,"atque dicta autem",6,107,38,9
601,"cum ipsam voluptatem repellat culpa",3,695,568,7
602,"minima officia dicta",5,784,963,6
603,"quas modi commodi voluptatibus quo",1,75,432,8
604,"enim alias illum aliquam nisi fugiat asperiores",7,309,43,7
605,"tempora cum id ea eveniet iusto",5,680,563,6
606,"eveniet molestiae pariatur rem voluptatem excepturi quod",3,890,623,7
607,"odit necessitatibus quo amet reiciendis voluptatem",9,332,618,5
608,"pariatur unde voluptatibus",7,133,811,7
609,"soluta dicta rerum inventore",3,356,559,7
610,"quisquam quidem quo",1,216,312,8
611,"minus quasi deserunt unde aperiam",1,277,653,8
612,"ducimus labore quibusdam cupiditate",8,661,207,1
613,"ex et accusantium",4,487,781,3
614,"atque facilis magnam",2,27,903,5
615,"impedit aut officia aspernatur",5,477,219,6
616,"quam aliquam animi molestiae praesentium impedit aspernatur",3,346,381,7
617,"ipsam delectus culpa voluptate atque",5,225,997,6
618,"ex itaque natus maxime",1,958,180,8
619,"deserunt id illo hic sint aliquam earum",3,113,147,7
620,"labore voluptas quo quidem",7,741,727,7
621,"dolor illo odit eum",8,592,466,1
622,"eveniet porro accusantium officia molestiae",3,579,963,7
623,"aut inventore tenetur ullam",2,390,16,5
624,"praesentium ipsam ipsum impedit asperiores asperiores nihil",9,500,483,5
625,"repellendus impedit ab quam excepturi odio",2,47,92,5
626,"autem totam quos unde voluptates amet quia",1,64,495,8
627,"nemo perspiciatis quasi earum eos ducimus",3,328,300,7
628,"sapiente inventore minima quibusdam harum non",4,253,463,3
629,"voluptate qui nemo nesciunt amet",5,749,891,6
630,"sint occaecati nostrum expedita quos minima",5,282,633,6
631,"vero laboriosam quidem suscipit aperiam dolor",2,636,728,5
632,"tempora sequi aspernatur suscipit quis",9,23,175,5
633,"commodi aliquid ut fuga quia",4,450,988,3
634,"voluptate corporis molestiae",4,953,973,3
635,"cupiditate a officia possimus",8,956,698,1
636,"provident magnam incidunt saepe",8,257,700,1
637,"enim et est",2,266,267,5
638,"maxime nobis repellendus sapiente voluptatem atque",3,471,526,7
639,"vitae voluptas voluptatum voluptatem",9,463,266,5
640,"qui rem ea",2,240,631,5
641,"sit alias provident ipsa repellat sed",3,159,740,7
642,"illo aliquam ducimus laborum dolorem dignissimos harum",2,153,655,5
643,"ullam itaque eligendi libero",7,7,650,7
644,"placeat rerum molestiae eveniet in",5,772,970,6
645,"repudiandae a sint natus",1,0,249,8
646,"iure tempora ut at perferendis",8,809,990,1
647,"eaque delectus esse animi",1,926,522,8
648,"ipsam fugit velit",7,714,8,7
649,"cum nam placeat facilis deserunt",6,621,834,9
650,"quod cum ipsa ex omnis placeat",9,537,629,5
651,"totam facilis alias voluptatibus quaerat",8,642,27,1
652,"quia rem nam aliquid praesentium facilis nisi",4,854,641,3
653,"rem dolorem consequuntur non voluptatum",9,388,556,5
654,"quis provident at non deserunt",4,26,948,3
655,"placeat praesentium laborum ea similique perferendis",1,269,804,8
656,"rem nulla explicabo",7,295,401,7
657,"accusantium quam amet cupiditate ab debitis",2,561,907,5
658,"nobis nostrum esse deserunt cupiditate saepe",5,233,500,6
659,"tempora voluptate iste reprehenderit vel",5,830,5,6
660,"laudantium pariatur veniam repellat iure autem",7,411,679,7
661,"fugiat cumque quis repudiandae esse minima aliquid",4,166,109,3
662,"ad quia maiores",8,322,718,1
663,"magnam magnam facilis accusamus",6,285,317,9
664,"quibusdam illo repudiandae voluptatem iste quasi fuga",8,547,286,1
665,"aspernatur dolorem blanditiis incidunt maxime",7,317,878,7
666,"nostrum quisquam voluptatem consectetur nobis adipisci",6,154,826,9
667,"iste id neque libero vero temporibus",9,422,350,5
668,"illo distinctio atque saepe et iure",4,330,196,3
669,"sapiente placeat in modi voluptatum sed",2,904,59,5
670,"itaque ipsa exercitationem quis fugit consequuntur",8,949,597,1
671,"voluptatibus nesciunt sunt et qui repellendus voluptate",8,249,504,1
672,"eos commodi necessitatibus amet error asperiores",5,255,376,6
673,"veritatis ducimus fugiat in culpa officiis nam",9,452,912,5
674,"illum eveniet itaque deleniti quam accusantium illo",4,609,34,3
675,"veritatis reiciendis quo",4,162,61,3
676,"voluptatem vero id laboriosam fugiat dolorum nisi",8,321,270,1
677,"itaque nobis similique",6,666,387,9
678,"exercitationem laudantium nisi perspiciatis",4,201,607,3
679,"consectetur quibusdam sint eius est aperiam harum",8,0,351,1
680,"consequatur quaerat doloremque alias",8,66,345,1
681,"ullam debitis saepe ducimus",5,840,751,6
682,"impedit harum atque voluptas voluptatibus error",4,175,776,3
683,"praesentium quibusdam hic",2,229,350,5
684,"corrupti fugit voluptate",7,341,768,7
685,"totam occaecati facilis natus facere id",5,779,51,6
686,"voluptates quidem corrupti occaecati repellendus rerum",8,186,475,1
687,"aliquid commodi suscipit sapiente vero",6,123,530,9
688,"doloribus earum aliquid laudantium id",3,122,502,7
689,"dolor aspernatur in accusantium",5,273,445,6
690,"aliquid eaque doloremque harum",2,122,435,5
691,"culpa voluptatum nobis velit quia laborum",2,998,477,5
692,"quaerat corporis veniam quod praesentium culpa qui",6,720,468,9
693,"ad ducimus vero iusto amet doloremque natus",4,283,598,3
694,"libero quo non",3,855,560,7
695,"commodi nemo aliquid aliquid commodi sit",9,386,185,5
696,"facere animi distinctio reiciendis perferendis",4,667,149,3
697,"cum id libero sint magnam consectetur hic",4,513,95,3
698,"est nobis aspernatur eveniet doloribus dolorem",7,388,726,7
699,"dolores ipsum fugiat quibusdam voluptatibus ad",6,380,26,9
700,"iste quasi eius totam",1,147,438,8
701,"quibusdam asperiores quas nobis",4,524,709,3
702,"error officia officia dicta dicta",5,118,385,6
703,"nulla dolorem mollitia sapiente quo",6,454,756,9
704,"dolorum aliquid perspiciatis ut recusandae ab nesciunt",1,599,119,8
705,"esse sed magni architecto earum qui aliquam",3,893,246,7
706,"eum corrupti consectetur ab tenetur sapiente",3,996,105,7
707,"exercitationem ad non eum ducimus",6,107,696,9
708,"atque deserunt perspiciatis ea quas nobis",5,741,58,6
709,"pariatur amet dolor iure error",4,332,877,3
710,"qui dolores doloremque corporis",6,623,483,9
711,"reiciendis eum sed consequuntur nesciunt id odio",9,515,422,5
712,"deserunt eos mollitia explicabo animi illo",6,685,727,9
713,"labore veniam sint exercitationem nihil",9,48,565,5
714,"vitae inventore voluptatem soluta reiciendis molestiae",6,801,665,9
715,"saepe aut exercitationem officia",7,326,83,7
716,"explicabo eaque eligendi odit delectus deserunt doloremque",5,791,209,6
717,"quos rem doloremque iure quo nisi unde",1,451,128,8
718,"ut repudiandae cumque cupiditate dignissimos",7,954,290,7
719,"molestiae laborum temporibus quod",4,334,814,3
720,"rerum eaque assumenda quos dolorem est magnam",4,393,368,3
721,"distinctio incidunt autem velit itaque incidunt",4,954,25,3
722,"reiciendis exercitationem voluptate alias inventore autem",7,643,162,7
723,"perferendis nisi nesciunt commodi dignissimos",9,357,180,5
724,"voluptates impedit dignissimos tenetur laboriosam",2,212,716,5
725,"iusto quas est adipisci facere",8,113,882,1
726,"labore ut soluta numquam",1,615,482,8
727,"nemo illo deleniti doloribus accusantium modi sequi",8,476,214,1
728,"vero ratione nisi vero",9,479,820,5
729,"dolores cumque nulla",9,426,812,5
730,"minus itaque nihil accusamus dolorem quibusdam",4,232,0,3
731,"exercitationem beatae laboriosam",2,980,486,5
732,"vero officia error accusantium veritatis fuga",8,382,480,1
733,"vel voluptas illum repellat quibusdam quod hic",4,594,633,3
734,"eum culpa ipsam tempore",7,126,678,7
735,"sequi aperiam cupiditate quis porro voluptatem",2,182,381,5
736,"alias nam ut distinctio mollitia",1,676,564,8
737,"esse illum sequi labore similique",2,809,317,5
738,"corporis hic quasi molestias doloribus",9,578,135,5
739,"ex accusantium eum distinctio porro quidem deleniti",2,972,983,5
740,"asperiores impedit architecto at beatae numquam provident",3,344,13,7
741,"maxime voluptatem pariatur",7,593,344,7
742,"explicabo autem alias aliquam aspernatur",7,264,772,7
743,"qui alias ipsa",2,564,228,5
744,"culpa nemo itaque accusamus eum excepturi",8,397,431,1
745,"ex eum accusamus et fugit",1,522,781,8
746,"laudantium incidunt reprehenderit non pariatur quos",4,379,664,3
747,"inventore nemo similique consequuntur provident odio quis",2,262,273,5
748,"exercitationem nesciunt quasi",3,482,5,7
749,"laudantium itaque corporis laborum",6,380,543,9
750,"esse aperiam atque exercitationem necessitatibus hic",6,70,208,9
751,"eum unde quos",1,246,972,8
752,"consectetur voluptas sunt",6,187,569,9
753,"provident facilis dignissimos dolor quos ex iste",1,412,960,8
754,"animi pariatur sed ad",7,159,978,7
755,"nobis quam aliquid laboriosam illum facilis animi",1,609,981,8
756,"cumque nihil recusandae nobis ea quam vel",8,96,841,1
757,"atque maxime amet perferendis distinctio",5,703,717,6
758,"exercitationem tenetur maxime modi facilis distinctio repellat",6,586,310,9
759,"quo fugiat iusto perspiciatis",7,313,279,7
760,"suscipit dignissimos labore",4,202,636,3
761,"debitis ab ab architecto laboriosam ea sapiente",6,500,757,9
762,"voluptatibus iure corporis placeat sint delectus quae",5,525,561,6
763,"libero vero ipsa nihil mollitia",5,926,171,6
764,"distinctio corporis repudiandae sed inventore",4,14,530,3
765,"est sapiente distinctio",1,541,661,8
766,"esse quidem modi",9,445,313,5
767,"nostrum itaque quos dolorem repellendus",5,108,321,6
768,"unde totam praesentium unde fugit",9,467,507,5
769,"tempore cupiditate odio nulla",3,384,236,7
770,"rem sapiente fugiat voluptas",3,679,924,7
771,"vitae at harum impedit aspernatur",6,930,922,9
772,"quos est recusandae officiis fugiat labore sit",1,5,559,8
773,"architecto quod nihil magni qui impedit earum",5,884,731,6
774,"beatae hic odio excepturi sunt totam",6,699,727,9
775,"odio quaerat itaque nobis assumenda ut maiores",3,20,83,7
776,"provident officiis possimus hic enim deserunt",6,661,238,9
777,"numquam consectetur provident totam vel quis culpa",9,923,241,5
778,"quisquam et possimus placeat",2,349,608,5
779,"fugit pariatur omnis repellat aliquid voluptas pariatur",5,51,36,6
780,"neque quibusdam ex commodi laudantium voluptates voluptate",6,315,739,9
781,"minus labore fugiat",4,276,397,3
782,"eum ut quidem consequuntur veniam minus iste",9,393,780,5
783,"exercitationem facere ducimus reprehenderit veritatis",3,817,706,7
784,"aspernatur libero accusamus",4,917,831,3
785,"rem exercitationem eveniet fugiat consequuntur",6,431,964,9
786,"minima deleniti deserunt eos possimus",6,710,692,9
787,"repellendus repellat neque",8,975,227,1
788,"neque qui veritatis enim",5,427,233,6
789,"tenetur reiciendis vel",2,119,284,5
790,"quos asperiores iusto tempora molestias",1,796,46,8
791,"ullam aliquam cum praesentium facere",5,192,517,6
792,"fugiat nesciunt eos sed earum deleniti id",8,863,852,1
793,"mollitia nemo eius et impedit",6,433,974,9
794,"ut rem blanditiis rem soluta quibusdam ea",2,73,161,5
795,"perferendis nostrum ut quae voluptatem minus",8,735,25,1
796,"suscipit deserunt iusto saepe iste delectus repudiandae",1,893,419,8
797,"mollitia natus dolores magnam distinctio deserunt",9,281,368,5
798,"maxime temporibus eligendi",2,386,566,5
799,"accusamus rem quasi odit",1,21,6,8
800,"soluta non iusto ex illum magni",4,275,927,3
801,"dicta aspernatur fuga soluta placeat quisquam",6,762,925,9
802,"explicabo ducimus voluptates ullam repellat voluptas",5,147,819,6
803,"perspiciatis distinctio saepe unde rem",4,232,566,3
804,"cumque a quos ducimus",3,415,499,7
805,"debitis recusandae expedita ut",8,14,479,1
806,"fugiat laudantium mollitia ea odit",7,8,147,7
807,"placeat commodi ipsum aperiam",8,132,981,1
808,"officia eius occaecati",7,537,331,7
809,"ut occaecati quidem molestias laudantium",8,401,349,1
810,"deserunt consequatur nobis quod",6,875,584,9
811,"ipsum perspiciatis facere nisi",2,254,485,5
812,"quidem a commodi",4,10,422,3
813,"ducimus occaecati eos quibusdam sapiente deserunt",8,475,363,1
814,"ducimus consequatur quibusdam",3,623,367,7
815,"consequuntur distinctio hic",2,33,291,5
816,"consectetur odio molestiae eveniet deserunt voluptates sapiente",2,33,633,5
817,"libero consequatur eum",7,45,771,7
818,"vel blanditiis sunt voluptate odio cum omnis",7,980,74,7
819,"qui eaque ex",4,163,370,3
820,"ratione tempore totam cum explicabo eveniet",4,372,617,3
821,"asperiores quidem nihil voluptate pariatur nam",4,283,744,3
822,"praesentium eius reiciendis eligendi repellendus minus",7,152,988,7
823,"ex vero perferendis ut quod dignissimos",6,152,915,9
824,"optio dolor labore explicabo",1,944,545,8
825,"ad at blanditiis quia",1,264,75,8
826,"deleniti vel non dicta",2,5,295,5
827,"ipsam molestias architecto porro",5,122,22,6
828,"quisquam voluptatem voluptas",4,545,722,3
829,"id vel voluptatem voluptates mollitia ad dolorum",8,155,665,1
830,"molestiae voluptatum fugit iusto numquam",9,11,535,5
831,"totam esse nihil atque molestiae",4,448,606,3
832,"sapiente delectus ipsam optio libero",5,351,491,6
833,"sunt numquam alias eius doloribus",5,577,275,6
834,"repudiandae voluptatem unde qui",2,258,423,5
835,"iure voluptates ratione dolore mollitia deleniti quaerat",7,332,982,7
836,"ea pariatur sed nobis rem",4,644,12,3
837,"eveniet soluta voluptates",5,88,593,6
838,"enim nobis tempore in impedit",1,294,393,8
839,"tempore odio asperiores officia vel aspernatur aspernatur",5,293,541,6
840,"assumenda est eum odio officiis",7,834,597,7
841,"quidem consectetur iure ex voluptatum sequi placeat",3,833,648,7
842,"itaque libero alias",8,413,619,1
843,"delectus commodi sit consequatur nihil reiciendis",2,274,785,5
844,"possimus expedita animi ab quia",2,167,965,5
845,"dolore quo totam error dignissimos dolorum incidunt",3,122,339,7
846,"inventore eum ducimus rem voluptates distinctio",1,424,309,8
847,"iusto excepturi porro",9,706,631,5
848,"facilis atque labore quis exercitationem tenetur",1,532,493,8
849,"at delectus id veritatis rerum",6,129,880,9
850,"provident veniam non minus sequi nostrum beatae",1,725,483,8
851,"placeat magni quia possimus quam blanditiis",6,585,994,9
852,"quos itaque consequuntur laboriosam",5,848,886,6
853,"totam veritatis at",6,328,916,9
854,"ipsam id modi",2,480,476,5
855,"aliquid distinctio quia velit",1,566,508,8
856,"fugiat deleniti ipsa cum",2,451,577,5
857,"libero delectus facilis",8,951,484,1
858,"accusantium quos libero mollitia consequuntur laboriosam",4,414,309,3
859,"impedit totam natus fugiat amet aspernatur",8,286,536,1
860,"commodi vitae nemo enim",8,923,786,1
861,"quidem quo optio porro sunt hic",1,190,476,8
862,"ex hic iusto iusto itaque",3,9,911,7
863,"dolorum quos quasi ullam eius eligendi officia",8,809,334,1
864,"nemo est sunt explicabo molestiae",4,58,860,3
865,"voluptas accusamus ipsam occaecati",9,528,28,5
866,"natus asperiores ut quasi enim",4,396,338,3
867,"temporibus maxime recusandae aut magni",7,944,267,7
868,"cum labore repudiandae ut",9,597,793,5
869,"consectetur veritatis officiis corporis",9,701,27,5
870,"quisquam magni pariatur aut quidem aliquid",2,735,933,5
871,"ut eaque nostrum in suscipit in",5,348,401,6
872,"vel id tempore voluptatum provident",1,857,66,8
873,"perspiciatis sint rem culpa necessitatibus a",7,759,524,7
874,"magni rem distinctio eaque",4,852,969,3
875,"recusandae aperiam hic doloremque et",4,940,368,3
876,"laboriosam nulla at laborum facere doloremque reiciendis",9,141,188,5
877,"reprehenderit itaque nostrum sed",2,6,190,5
878,"fugiat dignissimos iure aliquam saepe illum praesentium",1,458,565,8
879,"excepturi doloribus eveniet nesciunt et quia",1,896,842,8
880,"molestias velit dolorem quos recusandae quod",2,646,957,5
881,"ab voluptatibus cupiditate sequi quae cupiditate ea",1,589,781,8
882,"cupiditate ad eveniet deserunt",1,255,648,8
883,"quos fugiat occaecati",9,37,700,5
884,"est quam quidem quos odio",1,364,540,8
885,"animi voluptate labore quidem voluptates non",8,484,98,1
886,"laudantium incidunt reprehenderit cumque",7,963,30,7
887,"voluptate voluptas neque perferendis natus unde",4,284,371,3
888,"quod debitis necessitatibus",2,920,200,5
889,"esse sint eveniet commodi esse",7,677,527,7
890,"harum blanditiis aliquam occaecati",1,924,291,8
891,"ad provident quaerat",1,890,988,8
892,"mollitia quas facilis tempora eos nam",9,533,872,5
893,"officiis maiores aliquid minima quas aliquid",9,654,102,5
894,"nisi dolores sint ipsum mollitia",7,142,775,7
895,"modi corrupti eos repellat",6,86,829,9
896,"sed magni sed voluptatibus",5,535,386,6
897,"itaque iure dolores architecto cumque",7,296,592,7
898,"eum ipsa nulla nisi",3,672,96,7
899,"expedita sapiente sunt totam",2,813,664,5
900,"dolorem repellat quisquam qui",5,415,103,6
901,"expedita officia expedita nulla quisquam",2,191,548,5
902,"placeat iste esse",5,619,698,6
903,"asperiores amet nisi quaerat libero molestiae inventore",7,555,283,7
904,"molestiae excepturi ab",1,354,347,8
905,"veniam a in ad",4,529,157,3
906,"inventore similique inventore dolor vitae cupiditate rerum",2,383,476,5
907,"culpa illo aperiam voluptatum dolore nulla culpa",3,100,452,7
908,"ratione laudantium tenetur",7,531,820,7
909,"rerum rem ipsa non dicta",7,423,39,7
910,"aliquid architecto fugiat numquam",5,26,458,6
911,"harum eveniet corrupti",5,659,664,6
912,"quam fugit quam autem deserunt non esse",7,362,436,7
913,"consequatur sit esse",7,134,678,7
914,"sunt ut quod nam autem temporibus",4,334,332,3
915,"eius fugit provident sint quos sed aliquam",4,680,439,3
916,"enim dolores modi",5,958,367,6
917,"veritatis quasi aperiam consequuntur",2,411,68,5
918,"laboriosam odit ratione nobis vitae",9,299,396,5
919,"perferendis debitis quos rerum reiciendis nostrum",1,3,347,8
920,"eveniet molestias cupiditate quaerat cumque eos amet",6,510,293,9
921,"sint neque amet",3,2,14,7
922,"quisquam impedit illo similique exercitationem consectetur ipsa",7,615,343,7
923,"perferendis sint velit facere minus aliquid",9,581,127,5
924,"illum incidunt ut nobis nisi reprehenderit",1,832,842,8
925,"deleniti excepturi placeat tempora in quidem",5,220,833,6
926,"harum laudantium at error repellat reprehenderit",8,990,989,1
927,"quas necessitatibus error blanditiis ullam occaecati",8,375,703,1
928,"distinctio illo eum voluptate",3,322,852,7
929,"consectetur veniam quaerat unde delectus voluptatum",2,977,282,5
930,"laboriosam explicabo ipsam laudantium corporis",3,384,313,7
931,"at voluptas sunt consectetur voluptate accusamus officia",7,841,563,7
932,"corrupti soluta voluptatum libero ab accusantium neque",2,865,134,5
933,"nulla pariatur illum repudiandae quisquam",9,795,392,5
934,"temporibus accusamus perferendis tenetur",4,648,180,3
935,"dolor iste quibusdam",7,358,925,7
936,"veniam quo laborum aut magnam eveniet dignissimos",6,266,783,9
937,"debitis vero magni praesentium iste error possimus",5,161,766,6
938,"laborum similique quidem",9,974,998,5
939,"consectetur laborum consequatur animi aliquid officia saepe",7,963,201,7
940,"minus quasi provident",8,374,146,1
941,"provident tempore et aut iste",7,942,133,7
942,"odit dolorem veniam laborum",9,459,763,5
943,"a quaerat cum ad",9,975,404,5
944,"repellat provident labore veniam ipsam dolore",3,710,148,7
945,"odit unde laudantium temporibus libero odio ipsum",4,928,569,3
946,"perferendis cumque quo animi aspernatur",3,532,630,7
947,"soluta voluptas voluptatum",5,506,577,6
948,"placeat veniam dolorum maxime aliquid doloremque possimus",8,726,484,1
949,"sed ratione distinctio amet temporibus omnis",2,787,232,5
950,"rerum molestiae minima doloribus nobis debitis dolores",3,647,499,7
951,"eum consequuntur sed ab delectus iure",7,483,712,7
952,"molestias corporis ipsa beatae",3,724,653,7
953,"quas atque odit ex consequuntur dolore perspiciatis",6,387,588,9
954,"tempore reprehenderit reiciendis tenetur",2,377,43,5
955,"blanditiis temporibus at distinctio ullam eius",4,424,723,3
956,"aperiam accusantium delectus neque quo",1,933,258,8
957,"eveniet eveniet rerum",1,880,753,8
958,"labore corporis delectus magni debitis nemo occaecati",3,202,706,7
959,"commodi asperiores ad sint exercitationem",9,514,81,5
960,"repellendus ipsam alias reiciendis rerum repellendus",6,612,708,9
961,"accusamus aliquid dicta id dignissimos ut",3,432,938,7
962,"voluptatibus mollitia possimus occaecati exercitationem tempore reprehenderit",2,519,151,5
963,"autem iusto ducimus recusandae quos optio corporis",1,384,703,8
964,"consequuntur voluptate numquam tenetur distinctio",9,560,499,5
965,"fugit reiciendis quisquam corrupti aliquam aliquid",8,823,309,1
966,"voluptates est sed non soluta repellendus quos",5,538,433,6
967,"exercitationem qui dicta vitae voluptatum dolore magnam",4,500,954,3
968,"sit voluptatum quo ipsa",6,930,942,9
969,"possimus veritatis mollitia reiciendis",5,20,511,6
970,"excepturi quaerat hic at maxime laborum ipsum",1,859,463,8
971,"atque culpa eligendi fugit",4,768,323,3
972,"reprehenderit aliquam aperiam natus eius delectus",8,880,125,1
973,"veniam vero dolorem",9,125,633,5
974,"dignissimos dignissimos rem labore quas quo aliquid",7,625,916,7
975,"nesciunt fugiat aut eos",6,580,791,9
976,"ipsa atque eum voluptatum quibusdam iste",1,46,497,8
977,"eligendi nemo nulla velit et sed harum",3,421,771,7
978,"facere fugiat repudiandae",7,986,626,7
979,"doloremque debitis iusto fugiat architecto dolores blanditiis",5,42,912,6
980,"molestiae veritatis est",3,974,96,7
981,"debitis repellat vitae quibusdam nostrum aliquid ad",7,451,550,7
982,"dolores sit voluptas debitis impedit repellat eos",1,438,570,8
983,"cum earum non animi necessitatibus vero",5,705,468,6
984,"dolores quia facere animi repudiandae at",8,238,770,1
985,"corporis enim dolorem dolore aperiam perspiciatis voluptatum",1,283,823,8
986,"officiis alias illum vitae aspernatur commodi quia",7,588,869,7
987,"odio deleniti quia soluta fugit eligendi",5,716,740,6
988,"laudantium amet aspernatur nobis recusandae ut porro",9,572,293,5
989,"animi nobis eius",8,805,940,1
990,"ad quisquam dignissimos quaerat tempore quo",2,169,167,5
991,"numquam harum eum consequuntur incidunt modi",1,541,619,8
992,"maxime est consequuntur minima",3,481,602,7
993,"sequi exercitationem ut unde fugit officia quas",7,225,443,7
994,"quisquam odit quia libero iure illo odio",3,295,163,7
995,"quod aliquam quae autem a sed",2,350,142,5
996,"quasi sint dolorum accusantium",7,556,584,7
997,"aperiam consequuntur nam pariatur id",7,39,127,7
998,"molestias itaque occaecati",4,710,529,3
999,"delectus corporis ipsum",8,282,369,1
1000,"ratione illo ratione iste repudiandae itaque",2,489,148,5